<application>
  <component name="CodeInsightSettings">
    <option name="ADD_UNAMBIGIOUS_IMPORTS_ON_THE_FLY" value="true" />
  </component>
  <component name="CodeVisionSettings">
    <option name="codeVisionGroupToPosition">
      <map>
        <entry key="inheritors" value="Default" />
        <entry key="problems" value="Default" />
        <entry key="references" value="Default" />
        <entry key="vcs.code.vision" value="Default" />
      </map>
    </option>
    <option name="disabledCodeVisionProviderIds">
      <set>
        <option value="references" />
        <option value="vcs.code.vision" />
      </set>
    </option>
  </component>
  <component name="DeclarativeInlayHintsSettings">
    <option name="providerIdToEnabled">
      <map>
        <entry key="java.implicit.types" value="false" />
        <entry key="java.method.chains" value="true" />
        <entry key="js.chain.hints" value="true" />
        <entry key="js.type.hints" value="true" />
        <entry key="ts.chain.hints" value="true" />
        <entry key="ts.enum.hints" value="true" />
        <entry key="ts.type.hints" value="true" />
      </map>
    </option>
  </component>
  <component name="InlayHintsSettings">
    <option name="lastViewedProviderKeyId" value=".references" />
  </component>
</application>